Workbook

Sheet 00_LEEME
A1: Edificio 2 - Método estático manual verificado con clase
A4: Leyenda
A5: Amarillo | B5: Editable por ti durante la clase.
A6: Azul | B6: Dato leído desde ETABS/API/OUT.
A7: Verde | B7: Fórmula calculada.
A8: Gris | B8: Dato fijo de enunciado/norma para este caso.
A9: Morado | B9: Trazabilidad de clase/PDF.
A12: Uso
A13: Este archivo queda listo para que hagas el método estático manual del Edificio 2. Los datos iniciales ya están poblados desde la clase, NCh433:2026 y ETABS. Edita sólo celdas amarillas si el profesor decide cambiar algún supuesto. La hoja 05_Cargas_ETABS entrega las fuerzas y momentos que luego se ingresan a ETABS como EX, EY, TEX y TEY.

Sheet 01_Inputs
A1: Parámetro | B1: Valor | C1: Tipo | D1: Nota
A2: Ao/g zona 3 | B2: 0.4 | C2: Editable | D2: Clase + Tabla 7 NCh433: Antofagasta/Zona 3.
A3: S suelo C | B3: 1.05 | C3: Editable | D3: Tabla 8 NCh433: suelo C.
A4: I importancia | B4: 1 | C4: Editable | D4: Categoría II / no aglomeración: I = 1,0.
A5: R sistema marcos | B5: 7 | C5: Editable | D5: Marcos especiales de hormigón armado: R = 7.
A6: T' suelo [s] | B6: 0.45 | C6: Editable | D6: Tabla 8 NCh433: suelo C.
A7: n suelo | B7: 1.4 | C7: Editable | D7: Tabla 8 NCh433: suelo C, n = 1,40.
A8: H total [m] | B8: 15.5 | C8: Fijo | D8: 3,5 + 4x3,0 = 15,5 m.
A9: b planta X [m] | B9: 32.5 | C9: Fijo | D9: Planta 32,5 x 32,5 m.
A10: b planta Y [m] | B10: 32.5 | C10: Fijo | D10: Planta 32,5 x 32,5 m.
A11: Área planta [m²] | B11: 1056.25 | C11: Fijo | D11: 32,5 x 32,5.
A12: Tx* [s] | B12: 0.404299 | C12: Editable | D12: Modo 2 con mayor UX = 0.867502.
A13: Ty* [s] | B13: 0.40432418 | C13: Editable | D13: Modo 1 con mayor UY = 0.867495.
A14: Factor sobrecarga masa | B14: 0.25 | C14: Editable | D14: No aglomeración: 25% de sobrecarga.

Sheet 02_Datos_ETABS
A1: Pesos sísmicos por piso desde ETABS OUT | E1: Masas participantes modales desde ETABS API
A3: Piso | B3: Z [m] | C3: P_k [tonf] | E3: Modo | F3: T [s] | G3: UX | H3: UY | I3: RZ | J3: SumUX | K3: SumUY | L3: SumRZ
A4: Story1 | B4: 3.5 | C4: 1123.825 | E4: 1 | F4: 0.40432418 | G4: 0.0001755745 | H4: 0.86749479 | I4: 3.6814696e-07 | J4: 0.0001755745 | K4: 0.86749479 | L4: 3.6814696e-07
A5: Story2 | B5: 6.5 | C5: 1103.688 | E5: 2 | F5: 0.404299 | G5: 0.86750191 | H5: 0.00017557806 | I5: 2.4976661e-09 | J5: 0.86767748 | K5: 0.86767036 | L5: 3.7064463e-07
A6: Story3 | B6: 9.5 | C6: 1066.488 | E6: 3 | F6: 0.35734952 | G6: 3.5011809e-09 | H6: 3.7794537e-07 | I6: 0.8687089 | J6: 0.86767748 | K6: 0.86767074 | L6: 0.86870927
A7: Story4 | B7: 12.5 | C7: 1066.488 | E7: 4 | F7: 0.13688055 | G7: 3.4383735e-05 | H7: 0.099821947 | I7: 3.2702713e-08 | J7: 0.86771187 | K7: 0.96749269 | L7: 0.8687093
A8: Story5 | B8: 15.5 | C8: 940.79414 | E8: 5 | F8: 0.13687379 | G8: 0.099818509 | H8: 3.4381945e-05 | I8: 2.3279e-10 | J8: 0.96753038 | K8: 0.96752707 | L8: 0.8687093
E9: 6 | F9: 0.12136231 | G9: 3.3679082e-10 | H9: 2.8336875e-08 | I9: 0.098892458 | J9: 0.96753038 | K9: 0.9675271 | L9: 0.96760176
E10: 7 | F10: 0.078870592 | G10: 8.8543362e-06 | H10: 0.022364811 | I10: 5.2598335e-09 | J10: 0.96753923 | K10: 0.98989191 | L10: 0.96760176
E11: 8 | F11: 0.078867875 | G11: 0.022362642 | H11: 8.8538511e-06 | I11: 5.103394e-11 | J11: 0.98990187 | K11: 0.98990076 | L11: 0.96760176
E12: 9 | F12: 0.070104045 | G12: 4.5614792e-11 | H12: 2.826696e-09 | I12: 0.022339321 | J12: 0.98990187 | K12: 0.98990077 | L12: 0.98994109
E13: 10 | F13: 0.054556064 | G13: 3.1620278e-06 | H13: 0.0073618483 | I13: 8.4906307e-10 | J13: 0.98990503 | K13: 0.99726262 | L13: 0.98994109
E14: 11 | F14: 0.054554997 | G14: 0.007360946 | H14: 3.1616909e-06 | I14: 9.8527888e-12 | J14: 0.99726598 | K14: 0.99726578 | L14: 0.98994109
E15: 12 | F15: 0.048526083 | G15: 4.4222746e-12 | H15: 2.0029509e-10 | I15: 0.0073824503 | J15: 0.99726598 | K15: 0.99726578 | L15: 0.99732354
E16: 13 | F16: 0.044285593 | G16: 1.5044598e-06 | H16: 0.0027327181 | I16: 4.9443562e-11 | J16: 0.99726749 | K16: 0.9999985 | L16: 0.99732354
E17: 14 | F17: 0.044285305 | G17: 0.0027325149 | H17: 1.5043651e-06 | I17: 8.5637416e-13 | J17: 1 | K17: 1 | L17: 0.99732354
E18: 15 | F18: 0.039406289 | G18: 1.1224024e-13 | H18: 3.2945678e-12 | I18: 0.0026764637 | J18: 1 | K18: 1 | L18: 1

Sheet 03_Coeficiente_C
A1: Cálculo | B1: X | C1: Y | D1: Nota
A2: T* [s] | B2: =01_Inputs!B12 -> 0.404299 | C2: =01_Inputs!B13 -> 0.40432418 | D2: Modo con mayor masa traslacional en la dirección.
A3: C raw | B3: =2.75*01_Inputs!B3*01_Inputs!B2/01_Inputs!B5*(01_Inputs!B6/B2)^01_Inputs!B7 -> 0.19168924 | C3: =2.75*01_Inputs!B3*01_Inputs!B2/01_Inputs!B5*(01_Inputs!B6/C2)^01_Inputs!B7 -> 0.19167253 | D3: Ec. 6.2.3.1.
A4: Cmin | B4: =01_Inputs!B2*01_Inputs!B3/6 -> 0.07 | C4: =B4 -> 0.07 | D4: Mínimo obligatorio.
A5: Cmax | B5: =0.35*01_Inputs!B2*01_Inputs!B3 -> 0.147 | C5: =B5 -> 0.147 | D5: R >= 6: se usa Cmax en taller si C raw supera.
A6: C usado | B6: =MAX(B4,MIN(B3,B5)) -> 0.147 | C6: =MAX(C4,MIN(C3,C5)) -> 0.147 | D6: Coeficiente aplicado.
A7: P total [tonf] | B7: =SUM(02_Datos_ETABS!C4:C8) -> 5301.2831 | C7: =B7 -> 5301.2831 | D7: Suma P_k desde ETABS OUT.
A8: Q0 [tonf] | B8: =B6*01_Inputs!B4*B7 -> 779.28862 | C8: =C6*01_Inputs!B4*C7 -> 779.28862 | D8: Q0 = C I P.

Sheet 04_Distribución
A1: Piso | B1: Z [m] | C1: P_k | D1: Z prev | E1: A_k | F1: A_k P_k | G1: F_x | H1: F_y | I1: e sismo X | J1: e sismo Y | K1: Mt_X | L1: Mt_Y | M1: Vx acum | N1: Vy acum
A3: Story1 | B3: =02_Datos_ETABS!B4 -> 3.5 | C3: =02_Datos_ETABS!C4 -> 1123.825 | D3: 0 | E3: =SQRT(MAX(0,1-D3/01_Inputs!$B$8))-SQRT(MAX(0,1-B3/01_Inputs!$B$8)) -> 0.12011731 | F3: =E3*C3 -> 134.99084 | G3: ='03_Coeficiente_C'!$B$8*F3/SUM($F$3:$F$7) -> 102.88576 | H3: ='03_Coeficiente_C'!$C$8*F3/SUM($F$3:$F$7) -> 102.88576 | I3: =0.10*01_Inputs!$B$10*B3/01_Inputs!$B$8 -> 0.73387097 | J3: =0.10*01_Inputs!$B$9*B3/01_Inputs!$B$8 -> 0.73387097 | K3: =G3*I3 -> 75.50487 | L3: =H3*J3 -> 75.50487 | M3: =SUM(G3:G$7) -> 779.28862 | N3: =SUM(H3:H$7) -> 779.28862
A4: Story2 | B4: =02_Datos_ETABS!B5 -> 6.5 | C4: =02_Datos_ETABS!C5 -> 1103.688 | D4: =B3 -> 3.5 | E4: =SQRT(MAX(0,1-D4/01_Inputs!$B$8))-SQRT(MAX(0,1-B4/01_Inputs!$B$8)) -> 0.11788193 | F4: =E4*C4 -> 130.10487 | G4: ='03_Coeficiente_C'!$B$8*F4/SUM($F$3:$F$7) -> 99.161827 | H4: ='03_Coeficiente_C'!$C$8*F4/SUM($F$3:$F$7) -> 99.161827 | I4: =0.10*01_Inputs!$B$10*B4/01_Inputs!$B$8 -> 1.3629032 | J4: =0.10*01_Inputs!$B$9*B4/01_Inputs!$B$8 -> 1.3629032 | K4: =G4*I4 -> 135.14797 | L4: =H4*J4 -> 135.14797 | M4: =SUM(G4:G$7) -> 676.40287 | N4: =SUM(H4:H$7) -> 676.40287
A5: Story3 | B5: =02_Datos_ETABS!B6 -> 9.5 | C5: =02_Datos_ETABS!C6 -> 1066.488 | D5: =B4 -> 6.5 | E5: =SQRT(MAX(0,1-D5/01_Inputs!$B$8))-SQRT(MAX(0,1-B5/01_Inputs!$B$8)) -> 0.13982975 | F5: =E5*C5 -> 149.12675 | G5: ='03_Coeficiente_C'!$B$8*F5/SUM($F$3:$F$7) -> 113.6597 | H5: ='03_Coeficiente_C'!$C$8*F5/SUM($F$3:$F$7) -> 113.6597 | I5: =0.10*01_Inputs!$B$10*B5/01_Inputs!$B$8 -> 1.9919355 | J5: =0.10*01_Inputs!$B$9*B5/01_Inputs!$B$8 -> 1.9919355 | K5: =G5*I5 -> 226.40279 | L5: =H5*J5 -> 226.40279 | M5: =SUM(G5:G$7) -> 577.24104 | N5: =SUM(H5:H$7) -> 577.24104
A6: Story4 | B6: =02_Datos_ETABS!B7 -> 12.5 | C6: =02_Datos_ETABS!C7 -> 1066.488 | D6: =B5 -> 9.5 | E6: =SQRT(MAX(0,1-D6/01_Inputs!$B$8))-SQRT(MAX(0,1-B6/01_Inputs!$B$8)) -> 0.18222967 | F6: =E6*C6 -> 194.34576 | G6: ='03_Coeficiente_C'!$B$8*F6/SUM($F$3:$F$7) -> 148.12421 | H6: ='03_Coeficiente_C'!$C$8*F6/SUM($F$3:$F$7) -> 148.12421 | I6: =0.10*01_Inputs!$B$10*B6/01_Inputs!$B$8 -> 2.6209677 | J6: =0.10*01_Inputs!$B$9*B6/01_Inputs!$B$8 -> 2.6209677 | K6: =G6*I6 -> 388.22876 | L6: =H6*J6 -> 388.22876 | M6: =SUM(G6:G$7) -> 463.58134 | N6: =SUM(H6:H$7) -> 463.58134
A7: Story5 | B7: =02_Datos_ETABS!B8 -> 15.5 | C7: =02_Datos_ETABS!C8 -> 940.79414 | D7: =B6 -> 12.5 | E7: =SQRT(MAX(0,1-D7/01_Inputs!$B$8))-SQRT(MAX(0,1-B7/01_Inputs!$B$8)) -> 0.43994135 | F7: =E7*C7 -> 413.89424 | G7: ='03_Coeficiente_C'!$B$8*F7/SUM($F$3:$F$7) -> 315.45713 | H7: ='03_Coeficiente_C'!$C$8*F7/SUM($F$3:$F$7) -> 315.45713 | I7: =0.10*01_Inputs!$B$10*B7/01_Inputs!$B$8 -> 3.25 | J7: =0.10*01_Inputs!$B$9*B7/01_Inputs!$B$8 -> 3.25 | K7: =G7*I7 -> 1025.2357 | L7: =H7*J7 -> 1025.2357 | M7: =SUM(G7:G$7) -> 315.45713 | N7: =SUM(H7:H$7) -> 315.45713
A9: Chequeo suma F | G9: =SUM(G3:G7)-'03_Coeficiente_C'!$B$8 -> 0 | H9: =SUM(H3:H7)-'03_Coeficiente_C'!$C$8 -> 0

Sheet 05_Cargas_ETABS
A1: Piso | B1: EX Fx [tonf] | C1: EY Fy [tonf] | D1: TEX Mz [tonf-m] | E1: TEY Mz [tonf-m] | F1: Uso en ETABS
A2: Story1 | B2: ='04_Distribución'!G3 -> 102.88576 | C2: ='04_Distribución'!H3 -> 102.88576 | D2: ='04_Distribución'!K3 -> 75.50487 | E2: ='04_Distribución'!L3 -> 75.50487 | F2: Aplicar en centro de masa/diafragma del piso; signos ± se manejan por casos/combos.
A3: Story2 | B3: ='04_Distribución'!G4 -> 99.161827 | C3: ='04_Distribución'!H4 -> 99.161827 | D3: ='04_Distribución'!K4 -> 135.14797 | E3: ='04_Distribución'!L4 -> 135.14797 | F3: Aplicar en centro de masa/diafragma del piso; signos ± se manejan por casos/combos.
A4: Story3 | B4: ='04_Distribución'!G5 -> 113.6597 | C4: ='04_Distribución'!H5 -> 113.6597 | D4: ='04_Distribución'!K5 -> 226.40279 | E4: ='04_Distribución'!L5 -> 226.40279 | F4: Aplicar en centro de masa/diafragma del piso; signos ± se manejan por casos/combos.
A5: Story4 | B5: ='04_Distribución'!G6 -> 148.12421 | C5: ='04_Distribución'!H6 -> 148.12421 | D5: ='04_Distribución'!K6 -> 388.22876 | E5: ='04_Distribución'!L6 -> 388.22876 | F5: Aplicar en centro de masa/diafragma del piso; signos ± se manejan por casos/combos.
A6: Story5 | B6: ='04_Distribución'!G7 -> 315.45713 | C6: ='04_Distribución'!H7 -> 315.45713 | D6: ='04_Distribución'!K7 -> 1025.2357 | E6: ='04_Distribución'!L7 -> 1025.2357 | F6: Aplicar en centro de masa/diafragma del piso; signos ± se manejan por casos/combos.

Sheet 06_Combos_Guía
A1: Etapa | B1: Referencia para después de ingresar EX/EY/TEX/TEY
A2: D | B2: PP + TERP + TERT
A3: L | B3: SCP
A4: Lr | B4: SCT
A5: Sismo X | B5: EX ± TEX, con mismo signo de torsión en todos los niveles para cada análisis.
A6: Sismo Y | B6: EY ± TEY, con mismo signo de torsión en todos los niveles para cada análisis.
A7: Resistencia | B7: 1,2D + L ± 1,4E ± 1,4T.
A8: Resistencia | B8: 0,9D ± 1,4E ± 1,4T.
A9: Drift | B9: E ± T sin mayorar; no usar combinaciones de resistencia para deformaciones.

Sheet 07_Validaciones
A1: Chequeo | B1: Valor | C1: Estado
A2: Sumatoria Fx - Q0x | B2: ='04_Distribución'!G9 -> 0 | C2: =IF(ABS(B2)<0.001,"OK","REVISAR") -> OK
A3: Sumatoria Fy - Q0y | B3: ='04_Distribución'!H9 -> 0 | C3: =IF(ABS(B3)<0.001,"OK","REVISAR") -> OK
A4: C raw X vs Cmax | B4: ='03_Coeficiente_C'!B3-'03_Coeficiente_C'!B5 -> 0.044689237 | C4: =IF(B4>0,"CAP Cmax","SIN CAP") -> CAP Cmax
A5: C raw Y vs Cmax | B5: ='03_Coeficiente_C'!C3-'03_Coeficiente_C'!C5 -> 0.044672527 | C5: =IF(B5>0,"CAP Cmax","SIN CAP") -> CAP Cmax
A6: Masa modal acumulada X | B6: =MAX(02_Datos_ETABS!J4:J18) -> 1 | C6: =IF(B6>=0.9,"OK","REVISAR") -> OK
A7: Masa modal acumulada Y | B7: =MAX(02_Datos_ETABS!K4:K18) -> 1 | C7: =IF(B7>=0.9,"OK","REVISAR") -> OK
A8: Modo elegido Tx* | B8: =01_Inputs!B12 -> 0.404299 | C8: ="Modo "&2 -> Modo 2
A9: Modo elegido Ty* | B9: =01_Inputs!B13 -> 0.40432418 | C9: ="Modo "&1 -> Modo 1

Sheet 08_Trazabilidad_Clase
A1: Tema | B1: Fuente | C1: Criterio usado | D1: Estado
A2: Método | B2: sismo 10, 01:23-01:36 | C2: Edificio 2 del taller usa método estático porque tiene 5 pisos. | D2: OK
A3: Corte basal | B3: NCh433:2026 6.2.3 / clase 02:34 | C3: Q0 = C I P, independiente para X e Y. | D3: OK
A4: Peso sísmico | B4: sismo 10, 02:53-03:15 | C4: P = permanentes + porcentaje de sobrecarga; sin aglomeración => 25%. | D4: OK
A5: Parámetros suelo C | B5: NCh433:2026 Tabla 8 | C5: S=1,05; T'=0,45 s; n=1,40. | D5: OK
A6: Zona | B6: sismo 10, 06:47 / NCh Tabla 7 | C6: Antofagasta Zona 3: Ao/g = 0,40. | D6: OK
A7: Sistema | B7: sismo 10, 11:12 / NCh Tabla 5 | C7: Marcos especiales de hormigón armado: R = 7. | D7: OK
A8: Límites de C | B8: sismo 10, 12:06-15:35 / NCh 6.2.3.1 | C8: Cmin obligatorio; si C raw > Cmax, en taller se usa Cmax. | D8: OK
A9: Distribución | B9: NCh433:2026 6.2.5 | C9: Fk = AkPk/sum(AjPj) Q0; Ak por alturas Zk. | D9: OK
A10: Torsión estática | B10: NCh433:2026 6.2.8 / sismo 10, 24:19-29:47 | C10: Mt,k = Fk * 0,10*b*(Zk/H), con signo uniforme por análisis. | D10: OK
A11: ETABS | B11: sismo 10, 22:51-22:56 | C11: No usar automatismo 'norma chilena' de ETABS; calcular en Excel e ingresar a ETABS. | D11: OK

Sheet 09_Gráficos
